<?xml version="1.0" encoding="UTF-8"?>
<project-private xmlns="http://www.netbeans.org/ns/project-private/1">
    <editor-bookmarks xmlns="http://www.netbeans.org/ns/editor-bookmarks/2" lastBookmarkId="0"/>
    <open-files xmlns="http://www.netbeans.org/ns/projectui-open-files/2">
        <group>
            <file>file:/C:/Users/Jhon%20Eric/Documents/NetBeansProjects/finallab/src/user/Window4.java</file>
            <file>file:/C:/Users/Jhon%20Eric/Documents/NetBeansProjects/finallab/src/user/add.java</file>
            <file>file:/C:/Users/Jhon%20Eric/Documents/NetBeansProjects/finallab/src/user/Window7.java</file>
            <file>file:/C:/Users/Jhon%20Eric/Documents/NetBeansProjects/finallab/src/user/Window8.java</file>
            <file>file:/C:/Users/Jhon%20Eric/Documents/NetBeansProjects/finallab/src/user/Window6.java</file>
            <file>file:/C:/Users/Jhon%20Eric/Documents/NetBeansProjects/finallab/src/user/Window5.java</file>
            <file>file:/C:/Users/Jhon%20Eric/Documents/NetBeansProjects/finallab/src/user/Window1.java</file>
        </group>
    </open-files>
</project-private>
